
 <channels>
 <channel>
 <name>FILMES</name>
 <thumbnail>https://i.imgur.com/COyFF82.jpg</thumbnail>
 <externallink>https://pastebin.com/raw/hCHV0QhT</externallink>
 <fanart>http://www.seriados.tv.br/wp-content/uploads/2012/08/fdp_23082012_.jpg</fanart>
 <info></info>
 </channel>
 </channels>

 <channels>
 <channel>
 <name>SERIES</name>
 <thumbnail>https://raw.githubusercontent.com/kodishmediacenter/store/master/kts/series.jpg</thumbnail>
 <externallink>https://pastebin.com/raw/6nGYXtFr</externallink>
 <fanart>http://www.seriados.tv.br/wp-content/uploads/2012/08/fdp_23082012_.jpg</fanart>
 <info></info>
 </channel>
 </channels>

 <channels>
 <channel>
 <name>MMseries</name>
 <thumbnail></thumbnail>
 <externallink>https://pastebin.com/raw/jPGrcbJ8</externallink>
 <fanart>http://www.seriados.tv.br/wp-content/uploads/2012/08/fdp_23082012_.jpg</fanart>
 <info></info>
 </channel>
 </channels>

 <channels>
 <channel>
 <name>https://pastebin.com/raw/JfrBHEUd</name>
 <thumbnail>https://pastebin.com/raw/JfrBHEUd</thumbnail>
 <externallink>https://pastebin.com/raw/JfrBHEUd</externallink>
 <fanart>http://www.seriados.tv.br/wp-content/uploads/2012/08/fdp_23082012_.jpg</fanart>
 <info></info>
 </channel>
 </channels>
